month,signal_close,entry_timestamp,exit_timestamp,direction,entry_price,exit_price,gross_pips,net_pips,cost_drag_pips
2015-01,1420150500000,1420150505156,1420154103788,LONG,1.21052,1.21002,-38.49999999998577,-49.99999999999449,11.500000000008725
2015-01,1420155000000,1420155000055,1420158600099,LONG,1.20841,1.20858,22.49999999999197,17.000000000000348,5.499999999991623
2015-01,1420159500000,1420159501099,1420163100326,SHORT,1.20723,1.20675,54.50000000000177,48.000000000003595,6.499999999998174
2015-01,1420164000000,1420164001605,1420167605173,SHORT,1.2067,1.20591,83.50000000001413,79.00000000000685,4.500000000007276
2015-01,1420169400000,1420169402856,1420173010566,LONG,1.20581,1.20585,8.999999999992347,4.000000000004,4.999999999988347
2015-01,1420173900000,1420173910350,1420177500401,LONG,1.20542,1.20537,-1.0000000000065512,-4.999999999988347,3.999999999981796
2015-01,1420178400000,1420178400466,1420182000765,SHORT,1.20517,1.20549,-25.999999999992696,-31.999999999987594,5.999999999994898
2015-01,1420182900000,1420182901261,1420186500149,SHORT,1.20416,1.20644,-223.50000000002092,-228.00000000000597,4.49999999998505
2015-01,1420187400000,1420187400063,1420191000149,SHORT,1.20559,1.20463,97.49999999999481,95.999999999985,1.5000000000098197
2015-01,1420191900000,1420191900708,1420195500671,SHORT,1.20531,1.20481,51.99999999998539,50.0000000000167,1.9999999999686935
2015-01,1420196400000,1420196400753,1420200000215,LONG,1.20512,1.20543,32.500000000013074,31.000000000003247,1.5000000000098268
2015-01,1420200900000,1420200901475,1420204500146,SHORT,1.20435,1.20416,20.500000000023277,19.00000000001345,1.5000000000098268
2015-01,1420205400000,1420205400296,1420209001541,SHORT,1.20263,1.20263,3.5000000000007248,0.0,3.5000000000007248
2015-01,1420209900000,1420209900059,1420213500078,SHORT,1.20166,1.2028,-112.000000000001,-114.0000000000141,2.0000000000131024
2015-01,1420214400000,1420214400172,1420218000184,LONG,1.20317,1.20139,-175.5000000000173,-178.00000000001148,2.4999999999941735
2015-01,1420218900000,1420218900712,1420222501311,LONG,1.20114,1.20126,15.00000000000945,11.999999999989797,3.0000000000196536
2015-01,1420223400000,1420223402407,1420227000483,LONG,1.20144,1.20053,-87.50000000001812,-90.99999999999665,3.4999999999785274
2015-01,1420227900000,1420227901276,1420231500627,LONG,1.20079,1.20035,-40.499999999976666,-43.999999999999595,3.500000000022929
2015-01,1420232400000,1420232400135,1420408803845,SHORT,1.20035,1.1951,534.4999999999933,524.9999999999977,9.499999999995566
2015-01,1420409700000,1420409700517,1420413300249,LONG,1.19385,1.19405,35.00000000000725,19.999999999997797,15.00000000000945
2015-01,1420414200000,1420414201701,1420417801000,SHORT,1.19345,1.19662,-310.0000000000103,-317.0000000000117,7.000000000001421
2015-01,1420418700000,1420418700302,1420422300681,LONG,1.19704,1.19546,-155.00000000001623,-158.0000000000137,2.9999999999974705
2015-01,1420423200000,1420423201483,1420426800493,SHORT,1.1955,1.19564,-10.999999999983245,-14.000000000002899,3.0000000000196536
2015-01,1420427700000,1420427701228,1420431300309,SHORT,1.19486,1.19402,86.99999999999264,83.9999999999952,2.999999999997442
2015-01,1420432200000,1420432206966,1420435805792,LONG,1.19387,1.19415,29.500000000015625,28.000000000005798,1.5000000000098268
2015-01,1420436700000,1420436700153,1420440301280,LONG,1.19284,1.19363,81.50000000000102,79.00000000000685,2.4999999999941735
2015-01,1420441200000,1420441200156,1420444800047,LONG,1.19477,1.19552,78.99999999998464,74.99999999998064,4.000000000003993
2015-01,1420445700000,1420445700276,1420449304973,SHORT,1.19577,1.19545,34.49999999998177,32.0000000000098,2.499999999971969
2015-01,1420450200000,1420450201028,1420453800069,SHORT,1.19528,1.19369,162.50000000002098,158.99999999999804,3.5000000000229363
2015-01,1420454700000,1420454700343,1420458303782,SHORT,1.19264,1.19047,219.4999999999947,217.0000000000005,2.499999999994202
2015-01,1420459200000,1420459200199,1420462800249,SHORT,1.19052,1.19002,54.500000000023974,49.99999999999449,4.50000000002948
2015-01,1420463700000,1420463700075,1420467300101,LONG,1.19153,1.19266,114.50000000001737,113.00000000000753,1.500000000009834
2015-01,1420468200000,1420468200191,1420471800161,LONG,1.19147,1.19341,197.00000000000273,194.0000000000053,2.999999999997442
2015-01,1420472700000,1420472700118,1420476300475,LONG,1.1921,1.19181,-25.500000000011624,-28.999999999990145,3.4999999999785203
2015-01,1420477200000,1420477200383,1420480800704,SHORT,1.19179,1.19234,-53.49999999999522,-55.000000000005045,1.5000000000098268
2015-01,1420481700000,1420481701127,1420485300129,LONG,1.19172,1.1938,209.9999999999991,208.00000000000819,1.999999999990905
2015-01,1420486200000,1420486201180,1420489800305,LONG,1.1938,1.19445,68.00000000000139,65.00000000000395,2.999999999997442
2015-01,1420490700000,1420490700615,1420494315326,SHORT,1.1943,1.19349,84.99999999997954,80.99999999999774,3.999999999981796
2015-01,1420495200000,1420495200130,1420498800215,SHORT,1.19324,1.1933,1.4999999999876223,-5.999999999994898,7.499999999982521
2015-01,1420499700000,1420499702596,1420503303139,LONG,1.19342,1.19368,29.500000000015625,26.0000000000149,3.5000000000007248
2015-01,1420504200000,1420504202149,1420507800885,SHORT,1.19356,1.19399,-41.000000000002146,-43.00000000001525,2.0000000000131024
2015-01,1420508700000,1420508700464,1420512303887,SHORT,1.19385,1.19534,-146.49999999998275,-148.99999999999915,2.5000000000163993
2015-01,1420513200000,1420513205276,1420516800392,LONG,1.19464,1.19443,-17.500000000003624,-20.999999999982144,3.4999999999785203
2015-01,1420517700000,1420517705970,1420521301435,SHORT,1.1944,1.19504,-60.99999999999994,-64.0000000000196,3.0000000000196536
2015-01,1420522200000,1420522200080,1420525804452,LONG,1.19559,1.19579,23.00000000001745,19.999999999997797,3.0000000000196536
2015-01,1420526700000,1420526704504,1420530300335,LONG,1.19655,1.19536,-116.00000000000499,-119.00000000000244,2.9999999999974563
2015-01,1420531200000,1420531201466,1420534800443,SHORT,1.19422,1.19452,-26.999999999999247,-29.999999999996696,2.999999999997449
2015-01,1420535700000,1420535700431,1420539300567,SHORT,1.19391,1.19085,309.0000000000259,306.00000000000625,3.000000000019668
2015-01,1420540200000,1420540200980,1420543801099,LONG,1.19013,1.18968,-41.99999999996429,-44.99999999998394,3.0000000000196536
2015-01,1420544700000,1420544700048,1420548300493,LONG,1.19024,1.18918,-102.99999999998644,-106.00000000000608,3.0000000000196394
2015-01,1420549200000,1420549201844,1420552800233,LONG,1.19074,1.19076,5.499999999991623,2.0000000000131024,3.4999999999785203
2015-01,1420553700000,1420553700429,1420557301305,LONG,1.18931,1.19243,314.9999999999764,312.00000000000114,2.999999999975273
2015-01,1420558200000,1420558200318,1420561800010,SHORT,1.19127,1.19262,-132.99999999998312,-134.99999999999625,2.000000000013131
2015-01,1420562700000,1420562700934,1420566300132,SHORT,1.19385,1.19367,20.500000000023277,18.0000000000069,2.500000000016378
2015-01,1420567200000,1420567200508,1420570800126,SHORT,1.19223,1.19334,-109.00000000000354,-111.00000000001664,2.0000000000131024
2015-01,1420571700000,1420571706067,1420575300199,LONG,1.19354,1.1898,-371.5000000000135,-374.0000000000077,2.499999999994202
2015-01,1420576200000,1420576200189,1420579800068,SHORT,1.19019,1.18938,83.49999999999191,80.99999999999774,2.4999999999941735
2015-01,1420580700000,1420580700679,1420584300497,LONG,1.18917,1.18702,-209.9999999999991,-215.00000000000963,5.0000000000105445
2015-01,1420585200000,1420585200232,1420588800078,SHORT,1.1873,1.18726,10.500000000002174,4.000000000004,6.499999999998174
2015-01,1420589700000,1420589701195,1420593303011,LONG,1.18731,1.18726,-3.0000000000196536,-5.000000000010552,1.999999999990898
2015-01,1420594200000,1420594200551,1420597801439,SHORT,1.18777,1.18746,33.00000000001635,31.000000000003247,2.0000000000131024
2015-01,1420598700000,1420598705707,1420602300865,SHORT,1.18709,1.18764,-52.99999999999194,-55.000000000005045,2.0000000000131024
2015-01,1420603200000,1420603200514,1420606801081,SHORT,1.18761,1.18758,5.499999999969418,2.999999999997449,2.499999999971969
2015-01,1420607700000,1420607709721,1420611302783,LONG,1.18783,1.18763,-18.49999999998797,-19.999999999997797,1.5000000000098268
2015-01,1420612200000,1420612202290,1420615800782,LONG,1.18686,1.18791,106.99999999999044,104.99999999999955,1.9999999999908908
2015-01,1420616700000,1420616700778,1420620300471,SHORT,1.18842,1.18674,170.00000000000347,168.0000000000126,1.9999999999908766
2015-01,1420621200000,1420621200174,1420624800092,LONG,1.18687,1.18536,-147.5000000000115,-151.00000000001222,3.5000000000007105
2015-01,1420625700000,1420625700267,1420629300208,SHORT,1.1866,1.18507,157.5000000000104,153.00000000000313,4.500000000007276
2015-01,1420630200000,1420630200289,1420633800594,SHORT,1.18482,1.18419,66.99999999999484,62.99999999999084,4.000000000004
2015-01,1420634700000,1420634701247,1420638300687,SHORT,1.18397,1.18358,41.000000000002146,38.99999999998904,2.0000000000131024
2015-01,1420639200000,1420639200998,1420642800154,SHORT,1.183,1.18195,106.99999999999044,104.99999999999955,1.9999999999908908
2015-01,1420643700000,1420643700884,1420647300867,LONG,1.18255,1.18173,-79.99999999999119,-82.00000000000429,2.0000000000131024
2015-01,1420648200000,1420648200418,1420651801007,SHORT,1.18101,1.18257,-153.50000000000642,-156.00000000000057,2.499999999994145
2015-01,1420652700000,1420652701173,1420656302609,SHORT,1.18311,1.18358,-44.50000000000287,-46.999999999997044,2.4999999999941735
2015-01,1420657200000,1420657200452,1420660800220,LONG,1.18357,1.18499,147.5000000000115,141.99999999999767,5.500000000013841
2015-01,1420661700000,1420661701539,1420665301360,LONG,1.18468,1.18373,-92.00000000000318,-95.00000000000064,2.9999999999974563
2015-01,1420666200000,1420666200283,1420669800300,LONG,1.18375,1.18358,-12.999999999996348,-17.000000000000348,4.000000000004
2015-01,1420670700000,1420670702475,1420674305389,SHORT,1.18359,1.18359,3.999999999981796,0.0,3.999999999981796
2015-01,1420675200000,1420675200373,1420678801125,LONG,1.1834,1.18387,49.00000000001015,46.999999999997044,2.0000000000131024
2015-01,1420679700000,1420679712380,1420683306608,LONG,1.18389,1.18264,-121.50000000001882,-125.00000000001954,3.5000000000007248
2015-01,1420684200000,1420684201423,1420687800119,SHORT,1.18242,1.18247,-2.9999999999752447,-4.999999999988347,2.0000000000131024
2015-01,1420688700000,1420688705548,1420692302288,LONG,1.18282,1.1827,-9.999999999976694,-11.999999999989797,2.0000000000131024
2015-01,1420693200000,1420693200331,1420696800103,LONG,1.18229,1.18212,-12.999999999996348,-17.000000000000348,4.000000000004
2015-01,1420697700000,1420697700263,1420701301731,SHORT,1.18206,1.18098,111.50000000001992,108.00000000001918,3.500000000000739
2015-01,1420702200000,1420702200308,1420705800320,SHORT,1.18115,1.18181,-63.000000000013046,-66.00000000001049,2.999999999997442
2015-01,1420706700000,1420706701272,1420710300637,LONG,1.18123,1.17911,-210.50000000002456,-211.99999999998997,1.4999999999654108
2015-01,1420711200000,1420711200219,1420714800669,SHORT,1.17812,1.17692,125.50000000000061,120.00000000000898,5.49999999999163
2015-01,1420715700000,1420715700623,1420719302142,SHORT,1.17681,1.17678,5.999999999994898,2.999999999997449,2.999999999997449
2015-01,1420720200000,1420720200115,1420723800142,LONG,1.17607,1.17715,117.00000000001154,107.99999999999699,9.000000000014552
2015-01,1420724700000,1420724700482,1420728300329,SHORT,1.17742,1.17863,-118.49999999999916,-121.00000000001555,2.500000000016385
2015-01,1420729200000,1420729200108,1420732800082,LONG,1.17982,1.17923,-56.000000000011596,-59.000000000009045,2.999999999997449
2015-01,1420733700000,1420733700118,1420737304575,LONG,1.18046,1.18115,70.49999999999557,68.99999999998573,1.500000000009834
2015-01,1420738200000,1420738200052,1420741804642,LONG,1.18108,1.18034,-72.99999999998974,-73.99999999999629,1.0000000000065512
2015-01,1420742700000,1420742700304,1420746305274,SHORT,1.18011,1.17869,144.49999999999187,141.99999999999767,2.499999999994202
2015-01,1420747200000,1420747200153,1420750800874,SHORT,1.17841,1.17886,-42.0000000000087,-45.000000000006146,2.999999999997449
2015-01,1420751700000,1420751700994,1420755300088,SHORT,1.17928,1.17944,-8.000000000008,-15.999999999993797,7.999999999985796
2015-01,1420756200000,1420756205945,1420759800134,SHORT,1.17915,1.17941,-18.500000000010175,-26.0000000000149,7.500000000004725
2015-01,1420760700000,1420760700721,1420764300108,SHORT,1.17911,1.17932,-17.000000000000348,-20.999999999982144,3.999999999981796
2015-01,1420765200000,1420765200636,1420768802396,SHORT,1.1796,1.18012,-49.00000000001015,-52.000000000007596,2.999999999997449
2015-01,1420769700000,1420769700369,1420773301798,LONG,1.1803,1.1801,-16.499999999997073,-19.999999999997797,3.5000000000007248
2015-01,1420774200000,1420774200882,1420777801083,SHORT,1.18033,1.18101,-64.99999999998174,-67.9999999999792,2.9999999999974563
2015-01,1420778700000,1420778700305,1420782312210,SHORT,1.18078,1.18103,-22.999999999995246,-25.00000000000835,2.0000000000131024
2015-01,1420783200000,1420783200119,1420786800197,SHORT,1.18103,1.17928,178.00000000001148,174.99999999999181,3.000000000019668
2015-01,1420787700000,1420787702022,1420791303487,SHORT,1.1797,1.18052,-78.50000000000357,-82.00000000000429,3.5000000000007248
2015-01,1420792200000,1420792200171,1420795800116,LONG,1.18055,1.18177,123.49999999998751,121.99999999999989,1.4999999999876223
2015-01,1420796700000,1420796700252,1420800300018,SHORT,1.18105,1.18118,-10.500000000002174,-12.999999999996348,2.4999999999941735
2015-01,1420801200000,1420801202912,1420804800371,SHORT,1.1813,1.18096,35.49999999998832,34.000000000000696,1.4999999999876223
2015-01,1420805700000,1420805701720,1420809300824,SHORT,1.18155,1.18129,28.500000000031278,26.0000000000149,2.500000000016378
2015-01,1420810200000,1420810200221,1420813800259,LONG,1.18187,1.17798,-370.4999999999847,-388.9999999999949,18.500000000010175
2015-01,1420814700000,1420814700347,1420818300163,SHORT,1.1778,1.18361,-578.9999999999961,-581.0000000000093,2.0000000000131877
2015-01,1420819200000,1420819200118,1420822800239,LONG,1.18324,1.18296,-24.999999999986144,-28.000000000005798,3.0000000000196536
2015-01,1420823700000,1420823700059,1420827300769,LONG,1.18385,1.18391,8.999999999970143,5.999999999994898,2.9999999999752447
2015-01,1420828200000,1420828200478,1420831802746,SHORT,1.18418,1.18359,61.50000000002542,59.000000000009045,2.500000000016378
2015-01,1420832700000,1420832700077,1420836304812,SHORT,1.18373,1.18412,-35.50000000001052,-39.00000000001125,3.5000000000007248
2015-01,1420837200000,1420837200888,1421013603713,SHORT,1.1843,1.18511,-49.99999999999449,-81.00000000001995,31.00000000002546
2015-01,1421014500000,1421014500433,1421018111557,LONG,1.18516,1.18621,113.4999999999886,104.99999999999955,8.499999999989058
2015-01,1421019000000,1421019000429,1421022604068,LONG,1.18648,1.18679,34.000000000000696,31.000000000003247,2.999999999997449
2015-01,1421023500000,1421023502603,1421027100043,SHORT,1.18659,1.18603,58.99999999998684,56.000000000011596,2.9999999999752447
2015-01,1421028000000,1421028000830,1421031600580,LONG,1.18572,1.18477,-92.50000000000647,-95.00000000000064,2.4999999999941735
2015-01,1421032500000,1421032503196,1421036119773,LONG,1.18561,1.18544,-14.500000000028379,-17.000000000000348,2.499999999971969
2015-01,1421037000000,1421037013691,1421040605073,SHORT,1.185,1.18555,-50.99999999997884,-55.000000000005045,4.000000000026205
2015-01,1421041500000,1421041513225,1421045102032,SHORT,1.18532,1.18606,-72.50000000000867,-73.99999999999629,1.4999999999876223
2015-01,1421046000000,1421046000201,1421049600188,LONG,1.18566,1.18542,-21.00000000000435,-24.000000000001798,2.999999999997449
2015-01,1421050500000,1421050500104,1421054100294,LONG,1.18336,1.18136,-197.99999999998707,-200.00000000000017,2.0000000000131024
2015-01,1421055000000,1421055000393,1421058600526,SHORT,1.18214,1.17963,253.99999999997647,251.00000000000122,2.9999999999752447
2015-01,1421059500000,1421059500446,1421063100283,LONG,1.18,1.18026,28.49999999998687,26.0000000000149,2.499999999971969
2015-01,1421064000000,1421064000326,1421067600130,LONG,1.17993,1.17902,-89.00000000000574,-90.99999999999665,1.999999999990905
2015-01,1421068500000,1421068500504,1421072103572,SHORT,1.18038,1.18189,-148.99999999999915,-151.00000000001222,2.000000000013074
2015-01,1421073000000,1421073000625,1421076600012,LONG,1.18172,1.18321,151.00000000001222,148.99999999999915,2.000000000013074
2015-01,1421077500000,1421077500120,1421081101707,SHORT,1.18216,1.18283,-64.99999999998174,-66.99999999999484,2.0000000000131024
2015-01,1421082000000,1421082002507,1421085600055,SHORT,1.18312,1.18261,52.49999999998867,51.000000000001044,1.4999999999876223
2015-01,1421086500000,1421086517177,1421090100794,SHORT,1.18368,1.18414,-43.00000000001525,-45.99999999999049,2.9999999999752447
2015-01,1421091000000,1421091004359,1421094600036,SHORT,1.18426,1.18396,32.500000000013074,30.0000000000189,2.4999999999941735
2015-01,1421095500000,1421095500102,1421099101538,SHORT,1.18375,1.18344,34.000000000000696,31.000000000003247,2.999999999997449
2015-01,1421100000000,1421100000100,1421103600233,SHORT,1.18335,1.18297,44.499999999980666,37.99999999998249,6.499999999998174
2015-01,1421104500000,1421104500049,1421108100236,LONG,1.18286,1.18323,40.0000000000178,36.999999999998145,3.0000000000196536
2015-01,1421109000000,1421109000394,1421112603400,LONG,1.18273,1.1844,170.00000000000347,166.99999999998383,3.0000000000196394
2015-01,1421113500000,1421113500710,1421117100025,SHORT,1.18362,1.18445,-80.99999999999774,-83.00000000001084,2.0000000000131024
2015-01,1421118000000,1421118002260,1421121600266,LONG,1.18457,1.18459,4.500000000007276,2.0000000000131024,2.4999999999941735
2015-01,1421122500000,1421122500546,1421126100996,SHORT,1.18445,1.18306,143.00000000000423,139.00000000000023,4.0000000000040075
2015-01,1421127000000,1421127000924,1421130600561,SHORT,1.1829,1.18322,-29.49999999999342,-31.999999999987594,2.4999999999941735
2015-01,1421131500000,1421131511178,1421135101214,LONG,1.18318,1.1847,154.0000000000319,152.0000000000188,2.0000000000131024
2015-01,1421136000000,1421136000057,1421139600171,LONG,1.18505,1.1821,-291.4999999999779,-295.0000000000008,3.500000000022908
2015-01,1421140500000,1421140500565,1421144100508,LONG,1.18204,1.17966,-236.49999999999505,-238.0000000000049,1.500000000009834
2015-01,1421145000000,1421145000250,1421148600895,SHORT,1.18,1.1797,32.500000000013074,29.999999999996696,2.500000000016378
2015-01,1421149500000,1421149500870,1421153100595,SHORT,1.17939,1.17905,36.0000000000138,34.000000000000696,2.0000000000131024
2015-01,1421154000000,1421154000145,1421157600006,LONG,1.1781,1.17696,-110.50000000001336,-113.99999999999189,3.4999999999785274
2015-01,1421158500000,1421158501253,1421162101768,LONG,1.17754,1.17694,-57.49999999999922,-59.99999999999339,2.4999999999941735
2015-01,1421163000000,1421163000298,1421166600013,LONG,1.17804,1.17895,92.99999999998754,90.99999999999665,1.9999999999908908
2015-01,1421167500000,1421167501199,1421171101157,SHORT,1.17856,1.17922,-62.99999999996864,-65.99999999998829,3.0000000000196536
2015-01,1421172000000,1421172000263,1421175600527,LONG,1.17848,1.1767,-176.50000000000165,-177.99999999998929,1.4999999999876366
2015-01,1421176500000,1421176500492,1421180100184,SHORT,1.17674,1.17645,31.49999999998432,28.999999999990145,2.4999999999941735
2015-01,1421181000000,1421181000149,1421184600237,SHORT,1.1773,1.17765,-31.00000000002545,-35.00000000000725,3.999999999981796
2015-01,1421185500000,1421185500617,1421189102443,SHORT,1.17767,1.17768,1.9999999999686935,-1.0000000000065512,2.9999999999752447
2015-01,1421190900000,1421190900737,1421194501763,LONG,1.17773,1.17761,-7.999999999963592,-11.999999999989797,4.000000000026205
2015-01,1421195400000,1421195404292,1421199000225,LONG,1.17818,1.17647,-169.00000000001913,-171.00000000001003,1.999999999990905
2015-01,1421199900000,1421199901240,1421203514571,LONG,1.17715,1.17721,8.000000000008,6.000000000017103,1.999999999990898
2015-01,1421204400000,1421204400175,1421208001138,SHORT,1.17793,1.17741,54.499999999979565,51.99999999998539,2.4999999999941735
2015-01,1421208900000,1421208900596,1421212501279,LONG,1.17759,1.17907,151.50000000001552,148.00000000001478,3.500000000000739
2015-01,1421213400000,1421213400288,1421217004968,LONG,1.179,1.17931,34.000000000000696,31.000000000003247,2.999999999997449
2015-01,1421217900000,1421217901722,1421221500186,LONG,1.17917,1.18044,128.49999999999807,126.99999999998823,1.500000000009834
2015-01,1421222400000,1421222400165,1421226000325,LONG,1.18005,1.17923,-78.50000000000357,-82.00000000000429,3.5000000000007248
2015-01,1421226900000,1421226900162,1421230500565,LONG,1.17848,1.17592,-255.00000000000523,-255.99999999998957,0.9999999999843396
2015-01,1421231400000,1421231400020,1421235000161,LONG,1.17597,1.1744,-154.99999999999403,-156.99999999998494,1.999999999990905
2015-01,1421235900000,1421235900292,1421239500466,SHORT,1.17459,1.17467,-4.999999999988347,-8.000000000008,3.0000000000196536
2015-01,1421240400000,1421240400189,1421244000084,SHORT,1.17575,1.18253,-675.5000000000066,-678.0000000000008,2.499999999994202
2015-01,1421244900000,1421244900152,1421248501888,LONG,1.18229,1.17858,-368.9999999999971,-371.00000000001023,2.000000000013131
2015-01,1421249400000,1421249400161,1421253000244,LONG,1.17879,1.18076,199.99999999997797,197.00000000000273,2.9999999999752447
2015-01,1421253900000,1421253900343,1421257500394,LONG,1.18016,1.17905,-107.99999999999699,-111.00000000001664,3.0000000000196536
2015-01,1421258400000,1421258400076,1421262000585,SHORT,1.17877,1.17857,23.00000000001745,20.000000000020002,2.999999999997449
2015-01,1421262900000,1421262900051,1421266513728,LONG,1.1781,1.17834,27.499999999980318,24.000000000001798,3.4999999999785203
2015-01,1421267400000,1421267401006,1421271005522,LONG,1.17879,1.17856,-18.500000000010175,-22.999999999995246,4.4999999999850715
2015-01,1421271900000,1421271900233,1421275509881,LONG,1.17834,1.17892,64.99999999998174,58.000000000002494,6.999999999979245
2015-01,1421276400000,1421276400130,1421280001175,SHORT,1.17893,1.17842,54.50000000000177,51.000000000001044,3.5000000000007248
2015-01,1421280900000,1421280900640,1421284500856,LONG,1.17788,1.17751,-34.000000000000696,-36.999999999998145,2.999999999997449
2015-01,1421285400000,1421285400482,1421289000554,LONG,1.17761,1.17798,39.999999999995595,36.999999999998145,2.999999999997449
2015-01,1421289900000,1421289900824,1421293501225,SHORT,1.17785,1.17843,-56.000000000011596,-58.000000000002494,1.999999999990898
2015-01,1421294400000,1421294402417,1421298000426,SHORT,1.17808,1.17748,61.99999999998429,59.99999999999339,1.999999999990898
2015-01,1421298900000,1421298900577,1421302500255,LONG,1.17741,1.17615,-123.50000000003192,-126.0000000000039,2.499999999971976
2015-01,1421303400000,1421303402855,1421307001278,SHORT,1.17624,1.17743,-117.50000000001481,-119.00000000000244,1.4999999999876366
2015-01,1421307900000,1421307900295,1421311500215,SHORT,1.17821,1.17593,229.99999999999687,228.00000000000597,1.999999999990905
2015-01,1421312400000,1421312400272,1421316000100,LONG,1.17598,1.1723,-362.4999999999989,-368.00000000001273,5.500000000013813
2015-01,1421316900000,1421316900266,1421320500489,LONG,1.17313,1.17298,-9.499999999995623,-15.00000000000945,5.500000000013827
2015-01,1421321400000,1421321400497,1421325000223,SHORT,1.1694,1.16893,52.99999999999194,46.999999999997044,5.999999999994898
2015-01,1421325900000,1421325900226,1421329500143,SHORT,1.17122,1.17071,56.99999999999594,51.000000000001044,5.999999999994898
2015-01,1421330400000,1421330400243,1421334000210,SHORT,1.16985,1.16316,673.0000000000125,669.0000000000085,4.000000000003979
2015-01,1421334900000,1421334900056,1421338500092,SHORT,1.16357,1.15801,559.9999999999827,556.0000000000009,3.99999999998181
2015-01,1421339400000,1421339400173,1421343000342,LONG,1.15896,1.16051,158.99999999997584,154.99999999999403,3.99999999998181
2015-01,1421343900000,1421343900118,1421347500470,SHORT,1.15967,1.16301,-330.0000000000081,-334.00000000001205,4.000000000003979
2015-01,1421348400000,1421348400136,1421352000494,SHORT,1.16159,1.16136,27.500000000024727,22.999999999995246,4.50000000002948
2015-01,1421352900000,1421352900418,1421356501472,SHORT,1.16094,1.16116,-17.999999999984695,-21.999999999988695,4.000000000004
2015-01,1421357400000,1421357400126,1421361000340,SHORT,1.16215,1.16235,-7.999999999985796,-19.999999999997797,12.000000000012001
2015-01,1421361900000,1421361903715,1421365501905,LONG,1.1627,1.16382,126.0000000000039,112.000000000001,14.000000000002899
2015-01,1421366400000,1421366402224,1421370000065,LONG,1.16365,1.16161,-199.99999999997797,-204.00000000000418,4.000000000026205
2015-01,1421370900000,1421370901860,1421374503381,SHORT,1.1617,1.16346,-170.00000000000347,-175.99999999999838,5.9999999999949125
2015-01,1421375400000,1421375400209,1421379000217,LONG,1.16375,1.16388,17.500000000003624,12.999999999996348,4.500000000007276
2015-01,1421379900000,1421379911764,1421383500499,SHORT,1.16387,1.16333,58.50000000000577,53.999999999998494,4.500000000007276
2015-01,1421384400000,1421384400295,1421388000134,LONG,1.16315,1.16293,-19.49999999999452,-21.999999999988695,2.4999999999941735
2015-01,1421388900000,1421388901929,1421392504343,SHORT,1.16285,1.16406,-120.00000000000898,-121.00000000001555,1.0000000000065654
2015-01,1421393400000,1421393400521,1421397000246,LONG,1.16419,1.16369,-46.49999999999377,-50.0000000000167,3.500000000022929
2015-01,1421397900000,1421397901934,1421401500559,LONG,1.16347,1.16272,-72.50000000000867,-75.00000000000284,2.4999999999941735
2015-01,1421402400000,1421402400014,1421406000784,SHORT,1.16291,1.16005,289.499999999987,286.00000000000847,3.499999999978513
2015-01,1421406900000,1421406900005,1421410501293,SHORT,1.1597,1.15943,30.49999999999997,26.999999999999247,3.5000000000007248
2015-01,1421411400000,1421411400221,1421415000191,LONG,1.15849,1.15995,154.50000000001296,146.00000000000168,8.500000000011283
2015-01,1421415900000,1421415900183,1421419500345,SHORT,1.15869,1.1556,310.9999999999946,309.0000000000037,1.999999999990905
2015-01,1421420400000,1421420400261,1421424000179,SHORT,1.15503,1.14931,574.9999999999922,571.9999999999948,2.999999999997385
2015-01,1421424900000,1421424900035,1421428500128,SHORT,1.15004,1.15375,-368.00000000001273,-371.00000000001023,2.999999999997499
2015-01,1421429400000,1421429400257,1421433000181,LONG,1.15312,1.15627,320.9999999999935,314.99999999999864,5.999999999994884
2015-01,1421433900000,1421433900737,1421437500840,SHORT,1.15499,1.15635,-131.00000000001444,-136.00000000000279,4.999999999988347
2015-01,1421438400000,1421438400152,1421442000272,LONG,1.15854,1.15685,-166.50000000000276,-168.99999999999693,2.4999999999941735
2015-01,1421442900000,1421442900235,1421618400294,LONG,1.15666,1.15515,-128.000000000017,-151.00000000001222,22.999999999995225
2015-01,1421619300000,1421619300633,1421622900874,SHORT,1.15553,1.15669,-104.49999999999626,-116.00000000000499,11.500000000008725
2015-01,1421623800000,1421623804191,1421627400774,LONG,1.15647,1.15595,-48.000000000003595,-52.000000000007596,4.000000000004
2015-01,1421628300000,1421628301102,1421631901302,SHORT,1.1555,1.15674,-120.49999999999005,-124.00000000001299,3.5000000000229363
2015-01,1421632800000,1421632800069,1421636400279,SHORT,1.15702,1.15565,141.5000000000166,136.99999999998712,4.500000000029473
2015-01,1421637300000,1421637300888,1421640905037,LONG,1.15557,1.15594,39.49999999999232,36.999999999998145,2.4999999999941735
2015-01,1421641800000,1421641806788,1421645401066,LONG,1.15583,1.1557,-9.500000000017828,-12.999999999996348,3.4999999999785203
2015-01,1421646300000,1421646301677,1421649902482,SHORT,1.15578,1.15575,5.000000000010552,2.999999999997449,2.0000000000131024
2015-01,1421650800000,1421650800919,1421654401595,LONG,1.1569,1.1559,-97.49999999999481,-100.0000000000112,2.500000000016385
2015-01,1421655300000,1421655300019,1421658900121,SHORT,1.15752,1.15939,-185.00000000001293,-186.99999999998164,1.9999999999687077
2015-01,1421659800000,1421659800217,1421663401808,LONG,1.1611,1.15975,-132.50000000000205,-134.99999999999625,2.499999999994202
2015-01,1421664300000,1421664300161,1421667905628,SHORT,1.15915,1.15912,4.999999999988347,2.999999999997449,1.999999999990898
2015-01,1421668800000,1421668800286,1421672400044,LONG,1.15884,1.16064,181.9999999999933,179.99999999998016,2.000000000013131
2015-01,1421673300000,1421673300427,1421676900466,LONG,1.16021,1.16171,151.99999999997436,150.00000000000568,1.9999999999686793
2015-01,1421677800000,1421677800505,1421681400057,LONG,1.16185,1.16259,75.99999999998718,73.99999999999629,1.9999999999908908
2015-01,1421682300000,1421682300888,1421685902305,LONG,1.16341,1.16312,-27.500000000002522,-29.00000000001235,1.5000000000098268
2015-01,1421686800000,1421686800021,1421690400013,LONG,1.16221,1.16084,-132.49999999997985,-136.99999999998712,4.500000000007276
2015-01,1421691300000,1421691300239,1421694902065,SHORT,1.16121,1.16131,-6.500000000020378,-9.999999999998899,3.4999999999785203
2015-01,1421695800000,1421695800277,1421699403073,SHORT,1.16155,1.16051,110.49999999999116,104.00000000001519,6.4999999999759694
2015-01,1421700300000,1421700304764,1421703906480,SHORT,1.16048,1.16105,-53.49999999999522,-56.99999999999594,3.5000000000007248
2015-01,1421704800000,1421704800261,1421708400375,SHORT,1.16048,1.16047,16.499999999997073,1.0000000000065512,15.499999999990521
2015-01,1421709300000,1421709303047,1421712901190,SHORT,1.16037,1.15935,107.99999999999699,101.99999999997988,6.00000000001711
2015-01,1421713800000,1421713807100,1421717405976,SHORT,1.1591,1.15749,164.50000000003405,161.00000000001114,3.500000000022908
2015-01,1421718300000,1421718302508,1421721911412,LONG,1.1582,1.15868,50.49999999999777,48.000000000003595,2.4999999999941735
2015-01,1421722800000,1421722800856,1421726401412,SHORT,1.15818,1.1581,10.500000000002174,8.000000000008,2.4999999999941735
2015-01,1421727300000,1421727301608,1421730908991,LONG,1.15825,1.15779,-42.99999999997084,-45.99999999999049,3.0000000000196536
2015-01,1421731800000,1421731800251,1421735400273,LONG,1.15794,1.15764,-26.999999999999247,-29.999999999996696,2.999999999997449
2015-01,1421736300000,1421736305161,1421739900587,SHORT,1.15789,1.15897,-105.50000000000281,-107.99999999999699,2.4999999999941735
2015-01,1421740800000,1421740800197,1421744400487,LONG,1.15909,1.1589,-17.000000000000348,-18.999999999991246,1.999999999990898
2015-01,1421745300000,1421745301710,1421748900280,SHORT,1.158,1.15887,-84.50000000002066,-87.00000000001484,2.4999999999941735
2015-01,1421749800000,1421749801298,1421753400575,LONG,1.16062,1.15913,-146.00000000002387,-148.99999999999915,2.999999999975273
2015-01,1421754300000,1421754300471,1421757901252,LONG,1.1571,1.15884,177.00000000000495,174.00000000000747,2.9999999999974705
2015-01,1421758800000,1421758800437,1421762400589,LONG,1.15908,1.1604,134.99999999999625,131.99999999999878,2.9999999999974705
2015-01,1421763300000,1421763300361,1421766903513,SHORT,1.15926,1.15826,103.00000000000864,99.99999999998899,3.0000000000196536
2015-01,1421767800000,1421767801782,1421771400019,LONG,1.15754,1.15638,-114.49999999999517,-116.00000000000499,1.5000000000098197
2015-01,1421772300000,1421772302485,1421775903923,SHORT,1.15693,1.15466,229.99999999999687,226.99999999999943,2.999999999997442
2015-01,1421776800000,1421776800453,1421780400178,SHORT,1.15474,1.15518,-41.50000000000542,-43.999999999999595,2.4999999999941735
2015-01,1421781300000,1421781300823,1421784925195,SHORT,1.15484,1.15487,-1.4999999999876223,-2.999999999997449,1.5000000000098268
2015-01,1421785800000,1421785806733,1421789402272,SHORT,1.15465,1.15529,-61.50000000000322,-63.99999999999739,2.4999999999941735
2015-01,1421790300000,1421790301362,1421793916843,LONG,1.15538,1.15543,9.499999999973419,4.999999999988347,4.4999999999850715
2015-01,1421794800000,1421794800231,1421798400848,SHORT,1.15545,1.15458,91.49999999999991,87.00000000001484,4.499999999985079
2015-01,1421799300000,1421799300317,1421802909992,SHORT,1.15444,1.156,-153.4999999999842,-156.00000000000057,2.500000000016371
2015-01,1421803800000,1421803800787,1421807406362,SHORT,1.15609,1.15617,-4.999999999988347,-7.999999999985796,2.999999999997449
2015-01,1421808300000,1421808301688,1421811900277,SHORT,1.1566,1.15708,-45.99999999999049,-48.000000000003595,2.0000000000131024
2015-01,1421812800000,1421812800554,1421816401030,SHORT,1.15685,1.15661,26.500000000018176,24.000000000001798,2.500000000016378
2015-01,1421817300000,1421817300522,1421820903185,LONG,1.15639,1.15881,246.49999999999395,241.99999999998667,4.500000000007276
2015-01,1421821800000,1421821804350,1421825400138,LONG,1.15844,1.15678,-163.00000000000205,-165.9999999999995,2.999999999997442
2015-01,1421826300000,1421826300272,1421829902203,LONG,1.15685,1.15706,22.999999999995246,21.00000000000435,1.999999999990898
2015-01,1421830800000,1421830800940,1421834400695,LONG,1.15725,1.15706,-16.000000000016,-18.999999999991246,2.9999999999752447
2015-01,1421835300000,1421835304594,1421838901593,LONG,1.15769,1.15731,-34.99999999998504,-38.0000000000047,3.0000000000196536
2015-01,1421839800000,1421839800256,1421843400437,SHORT,1.15769,1.15738,33.500000000019625,31.000000000003247,2.500000000016378
2015-01,1421844300000,1421844300180,1421847902222,SHORT,1.15795,1.16083,-285.499999999983,-287.9999999999994,2.500000000016371
2015-01,1421848800000,1421848800002,1421852400007,SHORT,1.16325,1.164,-70.99999999997664,-75.00000000000284,4.000000000026205
2015-01,1421853300000,1421853300212,1421856900302,SHORT,1.16385,1.16022,365.99999999999966,363.0000000000022,2.999999999997442
2015-01,1421857800000,1421857801543,1421861408175,LONG,1.15951,1.15756,-192.99999999999872,-195.00000000001182,2.0000000000131024
2015-01,1421862300000,1421862300412,1421865906361,SHORT,1.15717,1.15689,31.500000000006523,28.000000000005798,3.5000000000007248
2015-01,1421866800000,1421866800417,1421870400329,SHORT,1.15734,1.15908,-170.49999999998454,-174.00000000000747,3.5000000000229363
2015-01,1421871300000,1421871301085,1421874900217,LONG,1.15829,1.15965,138.49999999999696,136.00000000000279,2.4999999999941735
2015-01,1421875800000,1421875800406,1421879401834,SHORT,1.16076,1.16144,-62.000000000006494,-68.00000000000139,5.999999999994898
2015-01,1421880300000,1421880302005,1421883907101,SHORT,1.16134,1.16262,-122.49999999998096,-127.99999999999478,5.500000000013827
2015-01,1421884800000,1421884800980,1421888401862,SHORT,1.16146,1.16055,93.99999999999409,90.99999999999665,2.999999999997442
2015-01,1421889300000,1421889303970,1421892900720,LONG,1.16061,1.16025,-32.999999999994145,-35.999999999991594,2.999999999997449
2015-01,1421893800000,1421893800017,1421897405434,SHORT,1.15999,1.16025,-24.000000000024002,-25.999999999992696,1.9999999999686935
2015-01,1421898300000,1421898300793,1421901900587,SHORT,1.1602,1.16023,0.0,-3.0000000000196536,3.0000000000196536
2015-01,1421902800000,1421902801851,1421906400364,LONG,1.15991,1.15909,-79.50000000001012,-82.00000000000429,2.4999999999941735
2015-01,1421907300000,1421907308169,1421910901964,LONG,1.15886,1.1588,-3.5000000000007248,-5.999999999994898,2.4999999999941735
2015-01,1421911800000,1421911800994,1421915400455,LONG,1.15844,1.16121,280.0000000000136,277.00000000001614,2.999999999997442
2015-01,1421916300000,1421916300311,1421919900409,LONG,1.15957,1.16196,241.99999999998667,239.00000000001143,2.9999999999752447
2015-01,1421920800000,1421920800686,1421924400621,SHORT,1.16234,1.1627,-32.500000000013074,-36.0000000000138,3.5000000000007248
2015-01,1421925300000,1421925301748,1421928900805,SHORT,1.16228,1.16317,-84.99999999997954,-89.00000000000574,4.000000000026205
2015-01,1421929800000,1421929800137,1421933400186,LONG,1.16384,1.16169,-182.0000000000155,-215.00000000000963,32.999999999994145
2015-01,1421934300000,1421934300076,1421937900047,LONG,1.16286,1.14998,-1282.4999999999864,-1288.0000000000002,5.50000000001387
2015-01,1421938800000,1421938800046,1421942400253,LONG,1.14633,1.14175,-455.99999999998977,-458.00000000000284,2.000000000013074
2015-01,1421943300000,1421943300456,1421946900597,LONG,1.14097,1.14052,-42.49999999998977,-45.000000000006146,2.500000000016378
2015-01,1421947800000,1421947801143,1421951401313,SHORT,1.14066,1.13699,371.0000000000324,367.0000000000062,4.000000000026205
2015-01,1421952300000,1421952301681,1421955901324,LONG,1.1381,1.13781,-26.499999999973767,-28.999999999990145,2.500000000016378
2015-01,1421956800000,1421956800252,1421960400202,SHORT,1.13788,1.1361,181.4999999999678,177.99999999998929,3.499999999978513
2015-01,1421961300000,1421961300118,1421964900130,LONG,1.13277,1.13608,336.499999999984,330.9999999999924,5.499999999991644
2015-01,1421965800000,1421965808046,1421969400578,SHORT,1.13597,1.13644,-42.0000000000087,-46.999999999997044,4.999999999988347
2015-01,1421970300000,1421970304625,1421973903164,SHORT,1.13617,1.13574,46.999999999997044,42.999999999993044,4.000000000004
2015-01,1421974800000,1421974800467,1421978403313,SHORT,1.13618,1.1362,2.4999999999941735,-2.0000000000131024,4.500000000007276
2015-01,1421979300000,1421979302442,1421982903296,SHORT,1.13651,1.13623,31.49999999998432,27.999999999983594,3.5000000000007248
2015-01,1421983800000,1421983800342,1421987409638,LONG,1.13643,1.13633,-7.999999999985796,-9.999999999998899,2.0000000000131024
2015-01,1421988300000,1421988300712,1421991904113,LONG,1.13527,1.13293,-230.50000000002234,-234.00000000000088,3.4999999999785416
2015-01,1421992800000,1421992800473,1421996400462,LONG,1.13361,1.13362,3.5000000000007248,1.0000000000065512,2.4999999999941735
2015-01,1421997300000,1421997300346,1422000900788,SHORT,1.13385,1.13536,-148.49999999997365,-150.99999999999002,2.500000000016371
2015-01,1422001800000,1422001800012,1422005400099,SHORT,1.13405,1.12752,663.5000000000168,652.9999999999925,10.500000000024329
2015-01,1422006300000,1422006301769,1422009900877,LONG,1.12627,1.12326,-298.00000000002046,-301.0000000000179,2.999999999997442
2015-01,1422010800000,1422010800098,1422014400025,LONG,1.12347,1.11728,-617.4999999999819,-618.9999999999918,1.5000000000098908
2015-01,1422015300000,1422015300033,1422018900005,LONG,1.1119,1.11954,767.4999999999876,763.9999999999869,3.500000000000682
2015-01,1422019800000,1422019800473,1422023400012,LONG,1.11735,1.12144,411.99999999999017,408.9999999999927,2.999999999997442
2015-01,1422024300000,1422024300093,1422027900009,SHORT,1.1249,1.12698,-205.500000000014,-208.00000000000819,2.4999999999941735
2015-01,1422028800000,1422028800148,1422032400229,LONG,1.12465,1.12772,313.4999999999888,307.00000000001285,6.499999999975955
2015-01,1422033300000,1422033300075,1422036900372,LONG,1.1272,1.12384,-332.50000000002444,-336.00000000000296,3.499999999978513
2015-01,1422037800000,1422037800421,1422041400482,SHORT,1.12275,1.12427,-147.00000000003044,-152.0000000000188,4.999999999988347
2015-01,1422042300000,1422042303776,1422045900577,SHORT,1.12443,1.1221,236.99999999999832,232.99999999999432,4.0000000000040075
2015-01,1422046800000,1422046800384,1422223205347,SHORT,1.1208,1.11545,547.999999999993,534.9999999999966,12.999999999996362
2015-01,1422224100000,1422224100040,1422227700510,SHORT,1.1138,1.11433,-41.000000000002146,-53.00000000001415,12.000000000012001
2015-01,1422228600000,1422228600438,1422232200476,LONG,1.11261,1.11791,536.0000000000032,529.999999999986,6.000000000017167
2015-01,1422233100000,1422233103898,1422236700735,SHORT,1.11726,1.11785,-53.999999999998494,-59.000000000009045,5.000000000010552
2015-01,1422237600000,1422237600513,1422241202077,LONG,1.11695,1.11544,-148.99999999999915,-151.00000000001222,2.000000000013074
2015-01,1422242100000,1422242100054,1422245700601,SHORT,1.1164,1.11781,-135.9999999999806,-140.99999999999113,5.0000000000105445
2015-01,1422246600000,1422246626281,1422250202780,SHORT,1.1176,1.11802,-38.99999999998904,-42.0000000000087,3.0000000000196536
2015-01,1422251100000,1422251105569,1422254700288,LONG,1.11839,1.12091,257.5000000000216,252.0000000000078,5.500000000013813
2015-01,1422255600000,1422255600424,1422259200994,LONG,1.1217,1.12379,213.00000000001873,209.00000000001472,4.0000000000040075
2015-01,1422260100000,1422260100001,1422263700145,SHORT,1.12247,1.12523,-272.99999999998994,-275.9999999999874,2.999999999997442
2015-01,1422264600000,1422264600111,1422268200084,LONG,1.12558,1.12421,-134.00000000001188,-137.00000000000932,2.999999999997442
2015-01,1422269100000,1422269100012,1422272705827,LONG,1.12336,1.12364,29.999999999996696,28.000000000005798,1.999999999990898
2015-01,1422273600000,1422273600188,1422277200183,LONG,1.12244,1.1245,208.99999999999253,205.99999999999508,2.999999999997442
2015-01,1422278100000,1422278100068,1422281700324,SHORT,1.12435,1.12518,-80.00000000001339,-83.00000000001084,2.9999999999974563
2015-01,1422282600000,1422282600314,1422286200463,LONG,1.12535,1.12686,155.99999999997837,150.99999999999002,4.999999999988347
2015-01,1422287100000,1422287101444,1422290700347,LONG,1.12622,1.12788,167.9999999999904,165.9999999999995,1.999999999990905
2015-01,1422291600000,1422291600326,1422295200485,SHORT,1.1289,1.128,92.99999999998754,90.00000000001229,2.9999999999752447
2015-01,1422296100000,1422296100048,1422299700452,SHORT,1.12709,1.1276,-46.999999999997044,-51.000000000001044,4.000000000004
2015-01,1422300600000,1422300600854,1422304201361,LONG,1.1268,1.1265,-26.999999999999247,-29.999999999996696,2.999999999997449
2015-01,1422305100000,1422305113502,1422308703210,LONG,1.12662,1.12375,-283.5000000000143,-286.99999999999284,3.499999999978513
2015-01,1422309600000,1422309600174,1422313200164,SHORT,1.12384,1.12374,17.49999999998142,9.999999999998899,7.499999999982521
2015-01,1422314100000,1422314100311,1422317701290,LONG,1.12339,1.12489,154.99999999999403,149.9999999999835,5.0000000000105445
2015-01,1422318600000,1422318601417,1422322200261,LONG,1.12414,1.12461,49.00000000001015,47.00000000001925,1.999999999990898
2015-01,1422323100000,1422323108837,1422326709418,SHORT,1.12443,1.12455,-9.999999999976694,-11.999999999989797,2.0000000000131024
2015-01,1422327600000,1422327604171,1422331202327,SHORT,1.12413,1.12371,44.50000000000287,42.0000000000087,2.4999999999941735
2015-01,1422332100000,1422332100764,1422335700288,SHORT,1.12403,1.12429,-24.000000000024002,-25.999999999992696,1.9999999999686935
2015-01,1422336600000,1422336600686,1422340201817,SHORT,1.12405,1.12293,115.49999999997951,112.000000000001,3.499999999978513
2015-01,1422341100000,1422341105488,1422344700834,LONG,1.12325,1.12534,212.00000000001216,208.99999999999253,3.0000000000196394
2015-01,1422345600000,1422345600284,1422349200018,SHORT,1.12494,1.13375,-877.0000000000166,-880.9999999999984,3.99999999998181
2015-01,1422350100000,1422350100110,1422353700000,LONG,1.13194,1.13096,-95.50000000002612,-97.9999999999981,2.499999999971976
2015-01,1422354600000,1422354600674,1422358201095,LONG,1.12861,1.12765,-92.99999999998754,-95.999999999985,2.9999999999974563
2015-01,1422359100000,1422359104324,1422362700191,LONG,1.12654,1.12907,255.5000000000085,252.99999999999213,2.500000000016371
2015-01,1422363600000,1422363600025,1422367200032,SHORT,1.13001,1.13388,-384.50000000000983,-387.000000000004,2.499999999994145
2015-01,1422368100000,1422368100183,1422371700225,SHORT,1.13628,1.13586,43.999999999999595,41.99999999998649,2.0000000000131024
2015-01,1422372600000,1422372602071,1422376200232,SHORT,1.13627,1.13766,-136.50000000000605,-139.00000000000023,2.4999999999941735
2015-01,1422377100000,1422377100268,1422380700478,LONG,1.1368,1.13356,-320.00000000000915,-324.0000000000132,4.000000000004036
2015-01,1422381600000,1422381600149,1422385200348,SHORT,1.13524,1.13621,-94.49999999997516,-96.99999999999153,2.500000000016371
2015-01,1422386100000,1422386100286,1422389700176,LONG,1.1368,1.13717,41.000000000002146,36.999999999998145,4.000000000004
2015-01,1422390600000,1422390600347,1422394200280,SHORT,1.13715,1.1378,-60.99999999999994,-64.99999999998174,3.999999999981796
2015-01,1422395100000,1422395100228,1422398701899,LONG,1.13811,1.13754,-51.50000000000432,-56.99999999999594,5.499999999991623
2015-01,1422399600000,1422399600167,1422403200889,SHORT,1.1371,1.13683,32.000000000032,26.999999999999247,5.000000000032756
2015-01,1422404100000,1422404100407,1422407701176,LONG,1.13532,1.13388,-141.99999999999767,-144.0000000000108,2.000000000013131
2015-01,1422408600000,1422408602357,1422412200727,LONG,1.13398,1.13309,-86.49999999998937,-89.00000000000574,2.500000000016371
2015-01,1422413100000,1422413100661,1422416700481,LONG,1.1334,1.1343,93.49999999999082,90.00000000001229,3.4999999999785274
2015-01,1422417600000,1422417602372,1422421200913,SHORT,1.13402,1.13371,33.499999999975216,31.000000000003247,2.499999999971969
2015-01,1422423000000,1422423002210,1422426600059,LONG,1.13363,1.13688,327.50000000001387,324.9999999999975,2.500000000016371
2015-01,1422427500000,1422427500488,1422431102178,SHORT,1.13683,1.13629,56.49999999999267,53.999999999998494,2.4999999999941735
2015-01,1422432000000,1422432000708,1422435600622,LONG,1.1345,1.13358,-89.50000000003122,-92.00000000000318,2.499999999971962
2015-01,1422436500000,1422436500248,1422440111088,SHORT,1.13393,1.13728,-331.999999999999,-334.9999999999964,2.999999999997442
2015-01,1422441000000,1422441000327,1422444601101,SHORT,1.13746,1.13573,176.49999999997945,173.00000000000094,3.499999999978513
2015-01,1422445500000,1422445502601,1422449100409,SHORT,1.13635,1.13629,9.499999999995623,5.999999999994898,3.5000000000007248
2015-01,1422450000000,1422450000722,1422453600408,SHORT,1.13536,1.13515,24.500000000005073,20.999999999982144,3.500000000022929
2015-01,1422454500000,1422454502492,1422458102000,LONG,1.13485,1.13149,-334.00000000001205,-335.9999999999808,1.9999999999687361
2015-01,1422459000000,1422459000273,1422462600243,SHORT,1.13144,1.13369,-222.00000000001108,-225.00000000000853,2.999999999997442
2015-01,1422463500000,1422463501495,1422467101412,SHORT,1.13409,1.1358,-168.99999999999693,-170.99999999998784,1.999999999990905
2015-01,1422468000000,1422468000279,1422471600023,SHORT,1.13538,1.1342,157.4999999999882,117.99999999999588,39.499999999992326
2015-01,1422472500000,1422472500084,1422476101419,LONG,1.13578,1.13092,-483.49999999999227,-486.00000000000864,2.500000000016371
2015-01,1422477000000,1422477000021,1422480600230,LONG,1.12843,1.128,-39.50000000001452,-43.00000000001525,3.5000000000007248
2015-01,1422481500000,1422481500301,1422485125091,SHORT,1.12824,1.12757,71.50000000000212,66.99999999999484,4.500000000007276
2015-01,1422486000000,1422486000264,1422489600242,LONG,1.12769,1.12829,65.99999999998829,59.99999999999339,5.999999999994898
2015-01,1422490500000,1422490500726,1422494100381,SHORT,1.1293,1.12844,88.99999999998354,85.99999999998609,2.9999999999974563
2015-01,1422495000000,1422495000115,1422498600347,LONG,1.12888,1.12863,-22.500000000014175,-25.00000000000835,2.4999999999941735
2015-01,1422499500000,1422499500864,1422503139444,SHORT,1.12863,1.12762,103.49999999998971,100.99999999999554,2.4999999999941735
2015-01,1422504000000,1422504000477,1422507602017,LONG,1.12761,1.1269,-68.00000000000139,-70.99999999999883,2.999999999997442
2015-01,1422508500000,1422508519791,1422512101854,SHORT,1.12657,1.12786,-127.00000000001043,-129.00000000000134,1.999999999990905
2015-01,1422513000000,1422513000485,1422516601213,LONG,1.12789,1.12921,135.00000000001845,131.99999999999878,3.000000000019668
2015-01,1422517500000,1422517501748,1422521100598,LONG,1.12983,1.12927,-53.50000000001742,-55.99999999998939,2.499999999971969
2015-01,1422522000000,1422522000255,1422525600167,LONG,1.12883,1.13157,279.00000000000705,273.9999999999965,5.000000000010573
2015-01,1422526500000,1422526500087,1422530100166,LONG,1.13062,1.13022,-37.99999999998249,-39.999999999995595,2.0000000000131024
2015-01,1422531000000,1422531005689,1422534600161,LONG,1.13162,1.1306,-99.00000000000463,-102.00000000000209,2.9999999999974563
2015-01,1422535500000,1422535500057,1422539100041,LONG,1.13044,1.13088,48.50000000000687,44.0000000000218,4.4999999999850715
2015-01,1422540000000,1422540000087,1422543600069,LONG,1.13236,1.1334,110.99999999999443,103.99999999999298,7.0000000000014495
2015-01,1422544500000,1422544501278,1422548100861,SHORT,1.13412,1.13284,130.49999999998897,127.99999999999478,2.4999999999941878
2015-01,1422549000000,1422549000010,1422552600265,SHORT,1.13136,1.12861,276.4999999999906,275.000000000003,1.4999999999876081
2015-01,1422553500000,1422553501476,1422557100584,LONG,1.12867,1.13128,263.5000000000165,261.0000000000001,2.500000000016371
2015-01,1422558000000,1422558000677,1422561600182,LONG,1.13094,1.1313,40.500000000021075,35.999999999991594,4.50000000002948
2015-01,1422562500000,1422562500125,1422566102754,SHORT,1.13142,1.13218,-72.49999999998647,-75.99999999998718,3.5000000000007105
2015-01,1422567000000,1422567002106,1422570605129,SHORT,1.13189,1.13236,-41.000000000002146,-46.999999999997044,5.999999999994898
2015-01,1422571500000,1422571505077,1422575100540,LONG,1.13249,1.13323,78.50000000000357,73.99999999999629,4.500000000007276
2015-01,1422576000000,1422576000127,1422579600342,LONG,1.13344,1.13274,-65.99999999998829,-69.9999999999923,4.0000000000040075
2015-01,1422580500000,1422580501528,1422584115551,LONG,1.13285,1.13354,70.99999999999883,69.00000000000794,1.9999999999908908
2015-01,1422585000000,1422585011619,1422588600265,LONG,1.13322,1.13279,-39.499999999970115,-42.999999999993044,3.500000000022929
2015-01,1422589500000,1422589503308,1422593100145,LONG,1.13247,1.13251,7.500000000004725,3.999999999981796,3.500000000022929
2015-01,1422594000000,1422594000419,1422597601921,LONG,1.13276,1.13391,117.49999999999261,114.99999999999844,2.4999999999941735
2015-01,1422598500000,1422598500226,1422602100897,LONG,1.13442,1.13265,-174.50000000001074,-177.00000000000495,2.499999999994202
2015-01,1422603000000,1422603000943,1422606600111,SHORT,1.13242,1.13394,-148.50000000001808,-151.9999999999966,3.499999999978513
2015-01,1422607500000,1422607500184,1422611100051,SHORT,1.13461,1.13147,317.0000000000117,313.99999999999204,3.000000000019668
2015-01,1422612000000,1422612000206,1422615600576,SHORT,1.13092,1.1353,-429.500000000016,-438.00000000000506,8.499999999989086
2015-01,1422616500000,1422616500110,1422620100366,SHORT,1.1344,1.13409,35.50000000001052,31.000000000003247,4.500000000007276
2015-01,1422621000000,1422621000504,1422624600016,SHORT,1.13371,1.13123,278.4999999999815,248.00000000000378,30.499999999977746
2015-01,1422625500000,1422625500295,1422629100316,LONG,1.13287,1.1305,-229.4999999999936,-236.99999999999832,7.500000000004718
2015-01,1422630000000,1422630000008,1422633600161,LONG,1.13041,1.1284,-198.00000000000927,-200.99999999998454,2.999999999975273
2015-01,1422634500000,1422634500182,1422638100667,LONG,1.12915,1.12907,-3.0000000000196536,-8.000000000008,4.999999999988347
2015-01,1422639000000,1422639000360,1422642604472,SHORT,1.12983,1.12965,21.500000000007624,17.999999999984695,3.500000000022929
2015-01,1422643500000,1422643502039,1422647100008,SHORT,1.12896,1.12991,-91.49999999999991,-95.00000000000064,3.5000000000007248
2015-01,1422648000000,1422648000066,1422651600342,LONG,1.12921,1.12995,79.00000000000685,73.99999999999629,5.000000000010559
2015-01,1422652500000,1422652501776,1422828004906,SHORT,1.12893,1.13145,-233.00000000001654,-252.0000000000078,18.999999999991246
