filename,size_bytes,records,sha256
eurusd-tick-2015-01-01-2015-02-01.csv,60490003,2033272,367c4ed6bcd98f8593f87222fae84b5658a502b5c3e79bb5b3e09ce8a79e52e1
eurusd-tick-2015-02-01-2015-03-01.csv,48092876,1615677,0c9c285fef4b9b7e0262d27aa196b72910cedafc3a333e1635e997bc846a4c40
eurusd-tick-2015-03-01-2015-04-01.csv,61298950,2060035,3461a201b0c3bb8e9fee295c1644b361e74be2f25e9e1ce2160c3220e5da59d3
eurusd-tick-2015-04-01-2015-05-01.csv,62797114,2110434,5be4ba0db976cb26e37613786530c6de846c6eeae05ebd7461ce8cc25c96e840
eurusd-tick-2015-05-01-2015-06-01.csv,57191415,1921168,0e9869cce83715a74265f29cb08c34714db32ca64325a8b2e45ad2f9e89b547c
eurusd-tick-2015-06-01-2015-07-01.csv,62256324,2091748,76aafc1759469e5d73bc5ccf2be5ef12f3f9cc3675d09503ad2fbba0e375588d
eurusd-tick-2015-07-01-2015-08-01.csv,57341246,1927003,6d214a763fb349dfd9edab7dbc8d8b0614d42d5a5e97ad33271e414332ed47d2
eurusd-tick-2015-08-01-2015-09-01.csv,52944835,1778825,f80fa06e437b860bb2cbac662f917fd1ce71c253124366a53aaf519de366e767
eurusd-tick-2015-09-01-2015-10-01.csv,56329520,1892122,c1e75dcb5f8e7b77f845300286ea2619a31580d988d505cb2bba7543265d7ebd
eurusd-tick-2015-10-01-2015-11-01.csv,52401720,1760858,12229acced3934d6824922853c152315756afadf1ab81fb5b2beaec2069b91af
eurusd-tick-2015-11-01-2015-12-01.csv,47242688,1587608,14dbc823bbc4ac3631f072f4c24c5a280128e3c58b9474f000981b13f5af63be
eurusd-tick-2015-12-01-2016-01-01.csv,51725626,1737858,772a56471763182b43363738c190f71634c67a21ef7edb342b5d4a9ce9ef0c9f
